<?xml version="1.0"?>
<doc>
    <assembly>
        <name>FeatureExtractor</name>
    </assembly>
    <members>
        <member name="T:FeatureExtractor.FeatureExtractorclass">
            <summary>
            The FeatureExtractorclass class provides a CLS compliant interface to the
            M-functions contained in the files:
            <newpara></newpara>
            C:\Documents and Settings\Ahmad Hajjar\My Documents\MATLAB\Project_20.01.2009\Color
            Features\histEnergy.m
            <newpara></newpara>
            C:\Documents and Settings\Ahmad Hajjar\My Documents\MATLAB\Project_20.01.2009\Color
            Features\histEntropy.m
            <newpara></newpara>
            C:\Documents and Settings\Ahmad Hajjar\My Documents\MATLAB\Project_20.01.2009\Color
            Features\imageMean.m
            <newpara></newpara>
            C:\Documents and Settings\Ahmad Hajjar\My Documents\MATLAB\Project_20.01.2009\Color
            Features\imageMedian.m
            <newpara></newpara>
            C:\Documents and Settings\Ahmad Hajjar\My Documents\MATLAB\Project_20.01.2009\Color
            Features\imageStdDev.m
            <newpara></newpara>
            C:\Documents and Settings\Ahmad Hajjar\My Documents\MATLAB\Project_20.01.2009\Brian
            location\CropBrain.m
            <newpara></newpara>
            C:\Documents and Settings\Ahmad Hajjar\My Documents\MATLAB\Project_20.01.2009\Shape
            Features\ExtractShapeInfo.m
            <newpara></newpara>
            C:\Documents and Settings\Ahmad Hajjar\My
            Documents\MATLAB\Project_20.01.2009\Texture Feature\ExtractTextureInfo.m
            <newpara></newpara>
            C:\Documents and Settings\Ahmad Hajjar\My
            Documents\MATLAB\Project_20.01.2009\Similarity\minkowski.m
            <newpara></newpara>
            C:\Documents and Settings\Ahmad Hajjar\My
            Documents\MATLAB\Project_20.01.2009\getImageInfo.m
            <newpara></newpara>
            matlabrc.m
            <newpara></newpara>
            dirname.m
            <newpara></newpara>
            deployprint.m
            <newpara></newpara>
            printdlg.m
            </summary>
            <remarks>
            @Version 0.0
            </remarks>
        </member>
        <member name="M:FeatureExtractor.FeatureExtractorclass.#cctor">
            <summary internal= "true">
            The static constructor instantiates and initializes the MATLAB Common Runtime
            instance.
            </summary>
        </member>
        <member name="M:FeatureExtractor.FeatureExtractorclass.#ctor">
            <summary>
            Constructs a new instance of the FeatureExtractorclass class.
            </summary>
        </member>
        <member name="M:FeatureExtractor.FeatureExtractorclass.Finalize">
            <summary internal= "true">
            Class destructor called by the CLR garbage collector.
            </summary>
        </member>
        <member name="M:FeatureExtractor.FeatureExtractorclass.Dispose">
            <summary>
            Frees the native resources associated with this object
            </summary>
        </member>
        <member name="M:FeatureExtractor.FeatureExtractorclass.Dispose(System.Boolean)">
            <summary internal= "true">
            Internal dispose function
            </summary>
        </member>
        <member name="M:FeatureExtractor.FeatureExtractorclass.histEnergy">
             <summary>
             Provides a single output, 0-input interface to the histEnergy M-function.
             </summary>
             <remarks>
             M-Documentation:
             Read image
             </remarks>
             <returns>An MWArray containing the first output argument.</returns>
            
        </member>
        <member name="M:FeatureExtractor.FeatureExtractorclass.histEnergy(MathWorks.MATLAB.NET.Arrays.MWArray)">
             <summary>
             Provides a single output, 1-input interface to the histEnergy M-function.
             </summary>
             <remarks>
             M-Documentation:
             Read image
             </remarks>
             <param name="imgPath">Input argument #1</param>
             <returns>An MWArray containing the first output argument.</returns>
            
        </member>
        <member name="M:FeatureExtractor.FeatureExtractorclass.histEnergy(MathWorks.MATLAB.NET.Arrays.MWArray,MathWorks.MATLAB.NET.Arrays.MWArray)">
             <summary>
             Provides a single output, 2-input interface to the histEnergy M-function.
             </summary>
             <remarks>
             M-Documentation:
             Read image
             </remarks>
             <param name="imgPath">Input argument #1</param>
             <param name="X">Input argument #2</param>
             <returns>An MWArray containing the first output argument.</returns>
            
        </member>
        <member name="M:FeatureExtractor.FeatureExtractorclass.histEnergy(MathWorks.MATLAB.NET.Arrays.MWArray,MathWorks.MATLAB.NET.Arrays.MWArray,MathWorks.MATLAB.NET.Arrays.MWArray)">
             <summary>
             Provides a single output, 3-input interface to the histEnergy M-function.
             </summary>
             <remarks>
             M-Documentation:
             Read image
             </remarks>
             <param name="imgPath">Input argument #1</param>
             <param name="X">Input argument #2</param>
             <param name="Y">Input argument #3</param>
             <returns>An MWArray containing the first output argument.</returns>
            
        </member>
        <member name="M:FeatureExtractor.FeatureExtractorclass.histEnergy(MathWorks.MATLAB.NET.Arrays.MWArray,MathWorks.MATLAB.NET.Arrays.MWArray,MathWorks.MATLAB.NET.Arrays.MWArray,MathWorks.MATLAB.NET.Arrays.MWArray)">
             <summary>
             Provides a single output, 4-input interface to the histEnergy M-function.
             </summary>
             <remarks>
             M-Documentation:
             Read image
             </remarks>
             <param name="imgPath">Input argument #1</param>
             <param name="X">Input argument #2</param>
             <param name="Y">Input argument #3</param>
             <param name="Width">Input argument #4</param>
             <returns>An MWArray containing the first output argument.</returns>
            
        </member>
        <member name="M:FeatureExtractor.FeatureExtractorclass.histEnergy(MathWorks.MATLAB.NET.Arrays.MWArray,MathWorks.MATLAB.NET.Arrays.MWArray,MathWorks.MATLAB.NET.Arrays.MWArray,MathWorks.MATLAB.NET.Arrays.MWArray,MathWorks.MATLAB.NET.Arrays.MWArray)">
             <summary>
             Provides a single output, 5-input interface to the histEnergy M-function.
             </summary>
             <remarks>
             M-Documentation:
             Read image
             </remarks>
             <param name="imgPath">Input argument #1</param>
             <param name="X">Input argument #2</param>
             <param name="Y">Input argument #3</param>
             <param name="Width">Input argument #4</param>
             <param name="Hieght">Input argument #5</param>
             <returns>An MWArray containing the first output argument.</returns>
            
        </member>
        <member name="M:FeatureExtractor.FeatureExtractorclass.histEnergy(System.Int32)">
             <summary>
             Provides the standard 0-input interface to the histEnergy M-function.
             </summary>
             <remarks>
             M-Documentation:
             Read image
             </remarks>
             <param name="numArgsOut">The number of output arguments to return.</param>
             <returns>An Array of length "numArgsOut" containing the output
             arguments.</returns>
            
        </member>
        <member name="M:FeatureExtractor.FeatureExtractorclass.histEnergy(System.Int32,MathWorks.MATLAB.NET.Arrays.MWArray)">
             <summary>
             Provides the standard 1-input interface to the histEnergy M-function.
             </summary>
             <remarks>
             M-Documentation:
             Read image
             </remarks>
             <param name="numArgsOut">The number of output arguments to return.</param>
             <param name="imgPath">Input argument #1</param>
             <returns>An Array of length "numArgsOut" containing the output
             arguments.</returns>
            
        </member>
        <member name="M:FeatureExtractor.FeatureExtractorclass.histEnergy(System.Int32,MathWorks.MATLAB.NET.Arrays.MWArray,MathWorks.MATLAB.NET.Arrays.MWArray)">
             <summary>
             Provides the standard 2-input interface to the histEnergy M-function.
             </summary>
             <remarks>
             M-Documentation:
             Read image
             </remarks>
             <param name="numArgsOut">The number of output arguments to return.</param>
             <param name="imgPath">Input argument #1</param>
             <param name="X">Input argument #2</param>
             <returns>An Array of length "numArgsOut" containing the output
             arguments.</returns>
            
        </member>
        <member name="M:FeatureExtractor.FeatureExtractorclass.histEnergy(System.Int32,MathWorks.MATLAB.NET.Arrays.MWArray,MathWorks.MATLAB.NET.Arrays.MWArray,MathWorks.MATLAB.NET.Arrays.MWArray)">
             <summary>
             Provides the standard 3-input interface to the histEnergy M-function.
             </summary>
             <remarks>
             M-Documentation:
             Read image
             </remarks>
             <param name="numArgsOut">The number of output arguments to return.</param>
             <param name="imgPath">Input argument #1</param>
             <param name="X">Input argument #2</param>
             <param name="Y">Input argument #3</param>
             <returns>An Array of length "numArgsOut" containing the output
             arguments.</returns>
            
        </member>
        <member name="M:FeatureExtractor.FeatureExtractorclass.histEnergy(System.Int32,MathWorks.MATLAB.NET.Arrays.MWArray,MathWorks.MATLAB.NET.Arrays.MWArray,MathWorks.MATLAB.NET.Arrays.MWArray,MathWorks.MATLAB.NET.Arrays.MWArray)">
             <summary>
             Provides the standard 4-input interface to the histEnergy M-function.
             </summary>
             <remarks>
             M-Documentation:
             Read image
             </remarks>
             <param name="numArgsOut">The number of output arguments to return.</param>
             <param name="imgPath">Input argument #1</param>
             <param name="X">Input argument #2</param>
             <param name="Y">Input argument #3</param>
             <param name="Width">Input argument #4</param>
             <returns>An Array of length "numArgsOut" containing the output
             arguments.</returns>
            
        </member>
        <member name="M:FeatureExtractor.FeatureExtractorclass.histEnergy(System.Int32,MathWorks.MATLAB.NET.Arrays.MWArray,MathWorks.MATLAB.NET.Arrays.MWArray,MathWorks.MATLAB.NET.Arrays.MWArray,MathWorks.MATLAB.NET.Arrays.MWArray,MathWorks.MATLAB.NET.Arrays.MWArray)">
             <summary>
             Provides the standard 5-input interface to the histEnergy M-function.
             </summary>
             <remarks>
             M-Documentation:
             Read image
             </remarks>
             <param name="numArgsOut">The number of output arguments to return.</param>
             <param name="imgPath">Input argument #1</param>
             <param name="X">Input argument #2</param>
             <param name="Y">Input argument #3</param>
             <param name="Width">Input argument #4</param>
             <param name="Hieght">Input argument #5</param>
             <returns>An Array of length "numArgsOut" containing the output
             arguments.</returns>
            
        </member>
        <member name="M:FeatureExtractor.FeatureExtractorclass.histEnergy(System.Int32,MathWorks.MATLAB.NET.Arrays.MWArray[]@,MathWorks.MATLAB.NET.Arrays.MWArray[])">
             <summary>
             Provides an interface for the histEnergy function in which the input and output
             arguments are specified as an array of MWArrays.
             </summary>
             <remarks>
             This method will allocate and return by reference the output argument
             array.<newpara></newpara>
             M-Documentation:
             Read image
             </remarks>
             <param name="numArgsOut">The number of output arguments to return</param>
             <param name= "argsOut">Array of MWArray output arguments</param>
             <param name= "argsIn">Array of MWArray input arguments</param>
            
        </member>
        <member name="M:FeatureExtractor.FeatureExtractorclass.histEntropy">
             <summary>
             Provides a single output, 0-input interface to the histEntropy M-function.
             </summary>
             <remarks>
             M-Documentation:
             Read image
             </remarks>
             <returns>An MWArray containing the first output argument.</returns>
            
        </member>
        <member name="M:FeatureExtractor.FeatureExtractorclass.histEntropy(MathWorks.MATLAB.NET.Arrays.MWArray)">
             <summary>
             Provides a single output, 1-input interface to the histEntropy M-function.
             </summary>
             <remarks>
             M-Documentation:
             Read image
             </remarks>
             <param name="imgPath">Input argument #1</param>
             <returns>An MWArray containing the first output argument.</returns>
            
        </member>
        <member name="M:FeatureExtractor.FeatureExtractorclass.histEntropy(MathWorks.MATLAB.NET.Arrays.MWArray,MathWorks.MATLAB.NET.Arrays.MWArray)">
             <summary>
             Provides a single output, 2-input interface to the histEntropy M-function.
             </summary>
             <remarks>
             M-Documentation:
             Read image
             </remarks>
             <param name="imgPath">Input argument #1</param>
             <param name="X">Input argument #2</param>
             <returns>An MWArray containing the first output argument.</returns>
            
        </member>
        <member name="M:FeatureExtractor.FeatureExtractorclass.histEntropy(MathWorks.MATLAB.NET.Arrays.MWArray,MathWorks.MATLAB.NET.Arrays.MWArray,MathWorks.MATLAB.NET.Arrays.MWArray)">
             <summary>
             Provides a single output, 3-input interface to the histEntropy M-function.
             </summary>
             <remarks>
             M-Documentation:
             Read image
             </remarks>
             <param name="imgPath">Input argument #1</param>
             <param name="X">Input argument #2</param>
             <param name="Y">Input argument #3</param>
             <returns>An MWArray containing the first output argument.</returns>
            
        </member>
        <member name="M:FeatureExtractor.FeatureExtractorclass.histEntropy(MathWorks.MATLAB.NET.Arrays.MWArray,MathWorks.MATLAB.NET.Arrays.MWArray,MathWorks.MATLAB.NET.Arrays.MWArray,MathWorks.MATLAB.NET.Arrays.MWArray)">
             <summary>
             Provides a single output, 4-input interface to the histEntropy M-function.
             </summary>
             <remarks>
             M-Documentation:
             Read image
             </remarks>
             <param name="imgPath">Input argument #1</param>
             <param name="X">Input argument #2</param>
             <param name="Y">Input argument #3</param>
             <param name="Width">Input argument #4</param>
             <returns>An MWArray containing the first output argument.</returns>
            
        </member>
        <member name="M:FeatureExtractor.FeatureExtractorclass.histEntropy(MathWorks.MATLAB.NET.Arrays.MWArray,MathWorks.MATLAB.NET.Arrays.MWArray,MathWorks.MATLAB.NET.Arrays.MWArray,MathWorks.MATLAB.NET.Arrays.MWArray,MathWorks.MATLAB.NET.Arrays.MWArray)">
             <summary>
             Provides a single output, 5-input interface to the histEntropy M-function.
             </summary>
             <remarks>
             M-Documentation:
             Read image
             </remarks>
             <param name="imgPath">Input argument #1</param>
             <param name="X">Input argument #2</param>
             <param name="Y">Input argument #3</param>
             <param name="Width">Input argument #4</param>
             <param name="Hieght">Input argument #5</param>
             <returns>An MWArray containing the first output argument.</returns>
            
        </member>
        <member name="M:FeatureExtractor.FeatureExtractorclass.histEntropy(System.Int32)">
             <summary>
             Provides the standard 0-input interface to the histEntropy M-function.
             </summary>
             <remarks>
             M-Documentation:
             Read image
             </remarks>
             <param name="numArgsOut">The number of output arguments to return.</param>
             <returns>An Array of length "numArgsOut" containing the output
             arguments.</returns>
            
        </member>
        <member name="M:FeatureExtractor.FeatureExtractorclass.histEntropy(System.Int32,MathWorks.MATLAB.NET.Arrays.MWArray)">
             <summary>
             Provides the standard 1-input interface to the histEntropy M-function.
             </summary>
             <remarks>
             M-Documentation:
             Read image
             </remarks>
             <param name="numArgsOut">The number of output arguments to return.</param>
             <param name="imgPath">Input argument #1</param>
             <returns>An Array of length "numArgsOut" containing the output
             arguments.</returns>
            
        </member>
        <member name="M:FeatureExtractor.FeatureExtractorclass.histEntropy(System.Int32,MathWorks.MATLAB.NET.Arrays.MWArray,MathWorks.MATLAB.NET.Arrays.MWArray)">
             <summary>
             Provides the standard 2-input interface to the histEntropy M-function.
             </summary>
             <remarks>
             M-Documentation:
             Read image
             </remarks>
             <param name="numArgsOut">The number of output arguments to return.</param>
             <param name="imgPath">Input argument #1</param>
             <param name="X">Input argument #2</param>
             <returns>An Array of length "numArgsOut" containing the output
             arguments.</returns>
            
        </member>
        <member name="M:FeatureExtractor.FeatureExtractorclass.histEntropy(System.Int32,MathWorks.MATLAB.NET.Arrays.MWArray,MathWorks.MATLAB.NET.Arrays.MWArray,MathWorks.MATLAB.NET.Arrays.MWArray)">
             <summary>
             Provides the standard 3-input interface to the histEntropy M-function.
             </summary>
             <remarks>
             M-Documentation:
             Read image
             </remarks>
             <param name="numArgsOut">The number of output arguments to return.</param>
             <param name="imgPath">Input argument #1</param>
             <param name="X">Input argument #2</param>
             <param name="Y">Input argument #3</param>
             <returns>An Array of length "numArgsOut" containing the output
             arguments.</returns>
            
        </member>
        <member name="M:FeatureExtractor.FeatureExtractorclass.histEntropy(System.Int32,MathWorks.MATLAB.NET.Arrays.MWArray,MathWorks.MATLAB.NET.Arrays.MWArray,MathWorks.MATLAB.NET.Arrays.MWArray,MathWorks.MATLAB.NET.Arrays.MWArray)">
             <summary>
             Provides the standard 4-input interface to the histEntropy M-function.
             </summary>
             <remarks>
             M-Documentation:
             Read image
             </remarks>
             <param name="numArgsOut">The number of output arguments to return.</param>
             <param name="imgPath">Input argument #1</param>
             <param name="X">Input argument #2</param>
             <param name="Y">Input argument #3</param>
             <param name="Width">Input argument #4</param>
             <returns>An Array of length "numArgsOut" containing the output
             arguments.</returns>
            
        </member>
        <member name="M:FeatureExtractor.FeatureExtractorclass.histEntropy(System.Int32,MathWorks.MATLAB.NET.Arrays.MWArray,MathWorks.MATLAB.NET.Arrays.MWArray,MathWorks.MATLAB.NET.Arrays.MWArray,MathWorks.MATLAB.NET.Arrays.MWArray,MathWorks.MATLAB.NET.Arrays.MWArray)">
             <summary>
             Provides the standard 5-input interface to the histEntropy M-function.
             </summary>
             <remarks>
             M-Documentation:
             Read image
             </remarks>
             <param name="numArgsOut">The number of output arguments to return.</param>
             <param name="imgPath">Input argument #1</param>
             <param name="X">Input argument #2</param>
             <param name="Y">Input argument #3</param>
             <param name="Width">Input argument #4</param>
             <param name="Hieght">Input argument #5</param>
             <returns>An Array of length "numArgsOut" containing the output
             arguments.</returns>
            
        </member>
        <member name="M:FeatureExtractor.FeatureExtractorclass.histEntropy(System.Int32,MathWorks.MATLAB.NET.Arrays.MWArray[]@,MathWorks.MATLAB.NET.Arrays.MWArray[])">
             <summary>
             Provides an interface for the histEntropy function in which the input and
             output
             arguments are specified as an array of MWArrays.
             </summary>
             <remarks>
             This method will allocate and return by reference the output argument
             array.<newpara></newpara>
             M-Documentation:
             Read image
             </remarks>
             <param name="numArgsOut">The number of output arguments to return</param>
             <param name= "argsOut">Array of MWArray output arguments</param>
             <param name= "argsIn">Array of MWArray input arguments</param>
            
        </member>
        <member name="M:FeatureExtractor.FeatureExtractorclass.imageMean">
             <summary>
             Provides a single output, 0-input interface to the imageMean M-function.
             </summary>
             <remarks>
             M-Documentation:
             Read image
             </remarks>
             <returns>An MWArray containing the first output argument.</returns>
            
        </member>
        <member name="M:FeatureExtractor.FeatureExtractorclass.imageMean(MathWorks.MATLAB.NET.Arrays.MWArray)">
             <summary>
             Provides a single output, 1-input interface to the imageMean M-function.
             </summary>
             <remarks>
             M-Documentation:
             Read image
             </remarks>
             <param name="imgPath">Input argument #1</param>
             <returns>An MWArray containing the first output argument.</returns>
            
        </member>
        <member name="M:FeatureExtractor.FeatureExtractorclass.imageMean(MathWorks.MATLAB.NET.Arrays.MWArray,MathWorks.MATLAB.NET.Arrays.MWArray)">
             <summary>
             Provides a single output, 2-input interface to the imageMean M-function.
             </summary>
             <remarks>
             M-Documentation:
             Read image
             </remarks>
             <param name="imgPath">Input argument #1</param>
             <param name="X">Input argument #2</param>
             <returns>An MWArray containing the first output argument.</returns>
            
        </member>
        <member name="M:FeatureExtractor.FeatureExtractorclass.imageMean(MathWorks.MATLAB.NET.Arrays.MWArray,MathWorks.MATLAB.NET.Arrays.MWArray,MathWorks.MATLAB.NET.Arrays.MWArray)">
             <summary>
             Provides a single output, 3-input interface to the imageMean M-function.
             </summary>
             <remarks>
             M-Documentation:
             Read image
             </remarks>
             <param name="imgPath">Input argument #1</param>
             <param name="X">Input argument #2</param>
             <param name="Y">Input argument #3</param>
             <returns>An MWArray containing the first output argument.</returns>
            
        </member>
        <member name="M:FeatureExtractor.FeatureExtractorclass.imageMean(MathWorks.MATLAB.NET.Arrays.MWArray,MathWorks.MATLAB.NET.Arrays.MWArray,MathWorks.MATLAB.NET.Arrays.MWArray,MathWorks.MATLAB.NET.Arrays.MWArray)">
             <summary>
             Provides a single output, 4-input interface to the imageMean M-function.
             </summary>
             <remarks>
             M-Documentation:
             Read image
             </remarks>
             <param name="imgPath">Input argument #1</param>
             <param name="X">Input argument #2</param>
             <param name="Y">Input argument #3</param>
             <param name="Width">Input argument #4</param>
             <returns>An MWArray containing the first output argument.</returns>
            
        </member>
        <member name="M:FeatureExtractor.FeatureExtractorclass.imageMean(MathWorks.MATLAB.NET.Arrays.MWArray,MathWorks.MATLAB.NET.Arrays.MWArray,MathWorks.MATLAB.NET.Arrays.MWArray,MathWorks.MATLAB.NET.Arrays.MWArray,MathWorks.MATLAB.NET.Arrays.MWArray)">
             <summary>
             Provides a single output, 5-input interface to the imageMean M-function.
             </summary>
             <remarks>
             M-Documentation:
             Read image
             </remarks>
             <param name="imgPath">Input argument #1</param>
             <param name="X">Input argument #2</param>
             <param name="Y">Input argument #3</param>
             <param name="Width">Input argument #4</param>
             <param name="Hieght">Input argument #5</param>
             <returns>An MWArray containing the first output argument.</returns>
            
        </member>
        <member name="M:FeatureExtractor.FeatureExtractorclass.imageMean(System.Int32)">
             <summary>
             Provides the standard 0-input interface to the imageMean M-function.
             </summary>
             <remarks>
             M-Documentation:
             Read image
             </remarks>
             <param name="numArgsOut">The number of output arguments to return.</param>
             <returns>An Array of length "numArgsOut" containing the output
             arguments.</returns>
            
        </member>
        <member name="M:FeatureExtractor.FeatureExtractorclass.imageMean(System.Int32,MathWorks.MATLAB.NET.Arrays.MWArray)">
             <summary>
             Provides the standard 1-input interface to the imageMean M-function.
             </summary>
             <remarks>
             M-Documentation:
             Read image
             </remarks>
             <param name="numArgsOut">The number of output arguments to return.</param>
             <param name="imgPath">Input argument #1</param>
             <returns>An Array of length "numArgsOut" containing the output
             arguments.</returns>
            
        </member>
        <member name="M:FeatureExtractor.FeatureExtractorclass.imageMean(System.Int32,MathWorks.MATLAB.NET.Arrays.MWArray,MathWorks.MATLAB.NET.Arrays.MWArray)">
             <summary>
             Provides the standard 2-input interface to the imageMean M-function.
             </summary>
             <remarks>
             M-Documentation:
             Read image
             </remarks>
             <param name="numArgsOut">The number of output arguments to return.</param>
             <param name="imgPath">Input argument #1</param>
             <param name="X">Input argument #2</param>
             <returns>An Array of length "numArgsOut" containing the output
             arguments.</returns>
            
        </member>
        <member name="M:FeatureExtractor.FeatureExtractorclass.imageMean(System.Int32,MathWorks.MATLAB.NET.Arrays.MWArray,MathWorks.MATLAB.NET.Arrays.MWArray,MathWorks.MATLAB.NET.Arrays.MWArray)">
             <summary>
             Provides the standard 3-input interface to the imageMean M-function.
             </summary>
             <remarks>
             M-Documentation:
             Read image
             </remarks>
             <param name="numArgsOut">The number of output arguments to return.</param>
             <param name="imgPath">Input argument #1</param>
             <param name="X">Input argument #2</param>
             <param name="Y">Input argument #3</param>
             <returns>An Array of length "numArgsOut" containing the output
             arguments.</returns>
            
        </member>
        <member name="M:FeatureExtractor.FeatureExtractorclass.imageMean(System.Int32,MathWorks.MATLAB.NET.Arrays.MWArray,MathWorks.MATLAB.NET.Arrays.MWArray,MathWorks.MATLAB.NET.Arrays.MWArray,MathWorks.MATLAB.NET.Arrays.MWArray)">
             <summary>
             Provides the standard 4-input interface to the imageMean M-function.
             </summary>
             <remarks>
             M-Documentation:
             Read image
             </remarks>
             <param name="numArgsOut">The number of output arguments to return.</param>
             <param name="imgPath">Input argument #1</param>
             <param name="X">Input argument #2</param>
             <param name="Y">Input argument #3</param>
             <param name="Width">Input argument #4</param>
             <returns>An Array of length "numArgsOut" containing the output
             arguments.</returns>
            
        </member>
        <member name="M:FeatureExtractor.FeatureExtractorclass.imageMean(System.Int32,MathWorks.MATLAB.NET.Arrays.MWArray,MathWorks.MATLAB.NET.Arrays.MWArray,MathWorks.MATLAB.NET.Arrays.MWArray,MathWorks.MATLAB.NET.Arrays.MWArray,MathWorks.MATLAB.NET.Arrays.MWArray)">
             <summary>
             Provides the standard 5-input interface to the imageMean M-function.
             </summary>
             <remarks>
             M-Documentation:
             Read image
             </remarks>
             <param name="numArgsOut">The number of output arguments to return.</param>
             <param name="imgPath">Input argument #1</param>
             <param name="X">Input argument #2</param>
             <param name="Y">Input argument #3</param>
             <param name="Width">Input argument #4</param>
             <param name="Hieght">Input argument #5</param>
             <returns>An Array of length "numArgsOut" containing the output
             arguments.</returns>
            
        </member>
        <member name="M:FeatureExtractor.FeatureExtractorclass.imageMean(System.Int32,MathWorks.MATLAB.NET.Arrays.MWArray[]@,MathWorks.MATLAB.NET.Arrays.MWArray[])">
             <summary>
             Provides an interface for the imageMean function in which the input and output
             arguments are specified as an array of MWArrays.
             </summary>
             <remarks>
             This method will allocate and return by reference the output argument
             array.<newpara></newpara>
             M-Documentation:
             Read image
             </remarks>
             <param name="numArgsOut">The number of output arguments to return</param>
             <param name= "argsOut">Array of MWArray output arguments</param>
             <param name= "argsIn">Array of MWArray input arguments</param>
            
        </member>
        <member name="M:FeatureExtractor.FeatureExtractorclass.imageMedian">
             <summary>
             Provides a single output, 0-input interface to the imageMedian M-function.
             </summary>
             <remarks>
             M-Documentation:
             Read image
             </remarks>
             <returns>An MWArray containing the first output argument.</returns>
            
        </member>
        <member name="M:FeatureExtractor.FeatureExtractorclass.imageMedian(MathWorks.MATLAB.NET.Arrays.MWArray)">
             <summary>
             Provides a single output, 1-input interface to the imageMedian M-function.
             </summary>
             <remarks>
             M-Documentation:
             Read image
             </remarks>
             <param name="imgPath">Input argument #1</param>
             <returns>An MWArray containing the first output argument.</returns>
            
        </member>
        <member name="M:FeatureExtractor.FeatureExtractorclass.imageMedian(MathWorks.MATLAB.NET.Arrays.MWArray,MathWorks.MATLAB.NET.Arrays.MWArray)">
             <summary>
             Provides a single output, 2-input interface to the imageMedian M-function.
             </summary>
             <remarks>
             M-Documentation:
             Read image
             </remarks>
             <param name="imgPath">Input argument #1</param>
             <param name="X">Input argument #2</param>
             <returns>An MWArray containing the first output argument.</returns>
            
        </member>
        <member name="M:FeatureExtractor.FeatureExtractorclass.imageMedian(MathWorks.MATLAB.NET.Arrays.MWArray,MathWorks.MATLAB.NET.Arrays.MWArray,MathWorks.MATLAB.NET.Arrays.MWArray)">
             <summary>
             Provides a single output, 3-input interface to the imageMedian M-function.
             </summary>
             <remarks>
             M-Documentation:
             Read image
             </remarks>
             <param name="imgPath">Input argument #1</param>
             <param name="X">Input argument #2</param>
             <param name="Y">Input argument #3</param>
             <returns>An MWArray containing the first output argument.</returns>
            
        </member>
        <member name="M:FeatureExtractor.FeatureExtractorclass.imageMedian(MathWorks.MATLAB.NET.Arrays.MWArray,MathWorks.MATLAB.NET.Arrays.MWArray,MathWorks.MATLAB.NET.Arrays.MWArray,MathWorks.MATLAB.NET.Arrays.MWArray)">
             <summary>
             Provides a single output, 4-input interface to the imageMedian M-function.
             </summary>
             <remarks>
             M-Documentation:
             Read image
             </remarks>
             <param name="imgPath">Input argument #1</param>
             <param name="X">Input argument #2</param>
             <param name="Y">Input argument #3</param>
             <param name="Width">Input argument #4</param>
             <returns>An MWArray containing the first output argument.</returns>
            
        </member>
        <member name="M:FeatureExtractor.FeatureExtractorclass.imageMedian(MathWorks.MATLAB.NET.Arrays.MWArray,MathWorks.MATLAB.NET.Arrays.MWArray,MathWorks.MATLAB.NET.Arrays.MWArray,MathWorks.MATLAB.NET.Arrays.MWArray,MathWorks.MATLAB.NET.Arrays.MWArray)">
             <summary>
             Provides a single output, 5-input interface to the imageMedian M-function.
             </summary>
             <remarks>
             M-Documentation:
             Read image
             </remarks>
             <param name="imgPath">Input argument #1</param>
             <param name="X">Input argument #2</param>
             <param name="Y">Input argument #3</param>
             <param name="Width">Input argument #4</param>
             <param name="Hieght">Input argument #5</param>
             <returns>An MWArray containing the first output argument.</returns>
            
        </member>
        <member name="M:FeatureExtractor.FeatureExtractorclass.imageMedian(System.Int32)">
             <summary>
             Provides the standard 0-input interface to the imageMedian M-function.
             </summary>
             <remarks>
             M-Documentation:
             Read image
             </remarks>
             <param name="numArgsOut">The number of output arguments to return.</param>
             <returns>An Array of length "numArgsOut" containing the output
             arguments.</returns>
            
        </member>
        <member name="M:FeatureExtractor.FeatureExtractorclass.imageMedian(System.Int32,MathWorks.MATLAB.NET.Arrays.MWArray)">
             <summary>
             Provides the standard 1-input interface to the imageMedian M-function.
             </summary>
             <remarks>
             M-Documentation:
             Read image
             </remarks>
             <param name="numArgsOut">The number of output arguments to return.</param>
             <param name="imgPath">Input argument #1</param>
             <returns>An Array of length "numArgsOut" containing the output
             arguments.</returns>
            
        </member>
        <member name="M:FeatureExtractor.FeatureExtractorclass.imageMedian(System.Int32,MathWorks.MATLAB.NET.Arrays.MWArray,MathWorks.MATLAB.NET.Arrays.MWArray)">
             <summary>
             Provides the standard 2-input interface to the imageMedian M-function.
             </summary>
             <remarks>
             M-Documentation:
             Read image
             </remarks>
             <param name="numArgsOut">The number of output arguments to return.</param>
             <param name="imgPath">Input argument #1</param>
             <param name="X">Input argument #2</param>
             <returns>An Array of length "numArgsOut" containing the output
             arguments.</returns>
            
        </member>
        <member name="M:FeatureExtractor.FeatureExtractorclass.imageMedian(System.Int32,MathWorks.MATLAB.NET.Arrays.MWArray,MathWorks.MATLAB.NET.Arrays.MWArray,MathWorks.MATLAB.NET.Arrays.MWArray)">
             <summary>
             Provides the standard 3-input interface to the imageMedian M-function.
             </summary>
             <remarks>
             M-Documentation:
             Read image
             </remarks>
             <param name="numArgsOut">The number of output arguments to return.</param>
             <param name="imgPath">Input argument #1</param>
             <param name="X">Input argument #2</param>
             <param name="Y">Input argument #3</param>
             <returns>An Array of length "numArgsOut" containing the output
             arguments.</returns>
            
        </member>
        <member name="M:FeatureExtractor.FeatureExtractorclass.imageMedian(System.Int32,MathWorks.MATLAB.NET.Arrays.MWArray,MathWorks.MATLAB.NET.Arrays.MWArray,MathWorks.MATLAB.NET.Arrays.MWArray,MathWorks.MATLAB.NET.Arrays.MWArray)">
             <summary>
             Provides the standard 4-input interface to the imageMedian M-function.
             </summary>
             <remarks>
             M-Documentation:
             Read image
             </remarks>
             <param name="numArgsOut">The number of output arguments to return.</param>
             <param name="imgPath">Input argument #1</param>
             <param name="X">Input argument #2</param>
             <param name="Y">Input argument #3</param>
             <param name="Width">Input argument #4</param>
             <returns>An Array of length "numArgsOut" containing the output
             arguments.</returns>
            
        </member>
        <member name="M:FeatureExtractor.FeatureExtractorclass.imageMedian(System.Int32,MathWorks.MATLAB.NET.Arrays.MWArray,MathWorks.MATLAB.NET.Arrays.MWArray,MathWorks.MATLAB.NET.Arrays.MWArray,MathWorks.MATLAB.NET.Arrays.MWArray,MathWorks.MATLAB.NET.Arrays.MWArray)">
             <summary>
             Provides the standard 5-input interface to the imageMedian M-function.
             </summary>
             <remarks>
             M-Documentation:
             Read image
             </remarks>
             <param name="numArgsOut">The number of output arguments to return.</param>
             <param name="imgPath">Input argument #1</param>
             <param name="X">Input argument #2</param>
             <param name="Y">Input argument #3</param>
             <param name="Width">Input argument #4</param>
             <param name="Hieght">Input argument #5</param>
             <returns>An Array of length "numArgsOut" containing the output
             arguments.</returns>
            
        </member>
        <member name="M:FeatureExtractor.FeatureExtractorclass.imageMedian(System.Int32,MathWorks.MATLAB.NET.Arrays.MWArray[]@,MathWorks.MATLAB.NET.Arrays.MWArray[])">
             <summary>
             Provides an interface for the imageMedian function in which the input and
             output
             arguments are specified as an array of MWArrays.
             </summary>
             <remarks>
             This method will allocate and return by reference the output argument
             array.<newpara></newpara>
             M-Documentation:
             Read image
             </remarks>
             <param name="numArgsOut">The number of output arguments to return</param>
             <param name= "argsOut">Array of MWArray output arguments</param>
             <param name= "argsIn">Array of MWArray input arguments</param>
            
        </member>
        <member name="M:FeatureExtractor.FeatureExtractorclass.imageStdDev">
             <summary>
             Provides a single output, 0-input interface to the imageStdDev M-function.
             </summary>
             <remarks>
             M-Documentation:
             Read image
             </remarks>
             <returns>An MWArray containing the first output argument.</returns>
            
        </member>
        <member name="M:FeatureExtractor.FeatureExtractorclass.imageStdDev(MathWorks.MATLAB.NET.Arrays.MWArray)">
             <summary>
             Provides a single output, 1-input interface to the imageStdDev M-function.
             </summary>
             <remarks>
             M-Documentation:
             Read image
             </remarks>
             <param name="imgPath">Input argument #1</param>
             <returns>An MWArray containing the first output argument.</returns>
            
        </member>
        <member name="M:FeatureExtractor.FeatureExtractorclass.imageStdDev(MathWorks.MATLAB.NET.Arrays.MWArray,MathWorks.MATLAB.NET.Arrays.MWArray)">
             <summary>
             Provides a single output, 2-input interface to the imageStdDev M-function.
             </summary>
             <remarks>
             M-Documentation:
             Read image
             </remarks>
             <param name="imgPath">Input argument #1</param>
             <param name="X">Input argument #2</param>
             <returns>An MWArray containing the first output argument.</returns>
            
        </member>
        <member name="M:FeatureExtractor.FeatureExtractorclass.imageStdDev(MathWorks.MATLAB.NET.Arrays.MWArray,MathWorks.MATLAB.NET.Arrays.MWArray,MathWorks.MATLAB.NET.Arrays.MWArray)">
             <summary>
             Provides a single output, 3-input interface to the imageStdDev M-function.
             </summary>
             <remarks>
             M-Documentation:
             Read image
             </remarks>
             <param name="imgPath">Input argument #1</param>
             <param name="X">Input argument #2</param>
             <param name="Y">Input argument #3</param>
             <returns>An MWArray containing the first output argument.</returns>
            
        </member>
        <member name="M:FeatureExtractor.FeatureExtractorclass.imageStdDev(MathWorks.MATLAB.NET.Arrays.MWArray,MathWorks.MATLAB.NET.Arrays.MWArray,MathWorks.MATLAB.NET.Arrays.MWArray,MathWorks.MATLAB.NET.Arrays.MWArray)">
             <summary>
             Provides a single output, 4-input interface to the imageStdDev M-function.
             </summary>
             <remarks>
             M-Documentation:
             Read image
             </remarks>
             <param name="imgPath">Input argument #1</param>
             <param name="X">Input argument #2</param>
             <param name="Y">Input argument #3</param>
             <param name="Width">Input argument #4</param>
             <returns>An MWArray containing the first output argument.</returns>
            
        </member>
        <member name="M:FeatureExtractor.FeatureExtractorclass.imageStdDev(MathWorks.MATLAB.NET.Arrays.MWArray,MathWorks.MATLAB.NET.Arrays.MWArray,MathWorks.MATLAB.NET.Arrays.MWArray,MathWorks.MATLAB.NET.Arrays.MWArray,MathWorks.MATLAB.NET.Arrays.MWArray)">
             <summary>
             Provides a single output, 5-input interface to the imageStdDev M-function.
             </summary>
             <remarks>
             M-Documentation:
             Read image
             </remarks>
             <param name="imgPath">Input argument #1</param>
             <param name="X">Input argument #2</param>
             <param name="Y">Input argument #3</param>
             <param name="Width">Input argument #4</param>
             <param name="Hieght">Input argument #5</param>
             <returns>An MWArray containing the first output argument.</returns>
            
        </member>
        <member name="M:FeatureExtractor.FeatureExtractorclass.imageStdDev(System.Int32)">
             <summary>
             Provides the standard 0-input interface to the imageStdDev M-function.
             </summary>
             <remarks>
             M-Documentation:
             Read image
             </remarks>
             <param name="numArgsOut">The number of output arguments to return.</param>
             <returns>An Array of length "numArgsOut" containing the output
             arguments.</returns>
            
        </member>
        <member name="M:FeatureExtractor.FeatureExtractorclass.imageStdDev(System.Int32,MathWorks.MATLAB.NET.Arrays.MWArray)">
             <summary>
             Provides the standard 1-input interface to the imageStdDev M-function.
             </summary>
             <remarks>
             M-Documentation:
             Read image
             </remarks>
             <param name="numArgsOut">The number of output arguments to return.</param>
             <param name="imgPath">Input argument #1</param>
             <returns>An Array of length "numArgsOut" containing the output
             arguments.</returns>
            
        </member>
        <member name="M:FeatureExtractor.FeatureExtractorclass.imageStdDev(System.Int32,MathWorks.MATLAB.NET.Arrays.MWArray,MathWorks.MATLAB.NET.Arrays.MWArray)">
             <summary>
             Provides the standard 2-input interface to the imageStdDev M-function.
             </summary>
             <remarks>
             M-Documentation:
             Read image
             </remarks>
             <param name="numArgsOut">The number of output arguments to return.</param>
             <param name="imgPath">Input argument #1</param>
             <param name="X">Input argument #2</param>
             <returns>An Array of length "numArgsOut" containing the output
             arguments.</returns>
            
        </member>
        <member name="M:FeatureExtractor.FeatureExtractorclass.imageStdDev(System.Int32,MathWorks.MATLAB.NET.Arrays.MWArray,MathWorks.MATLAB.NET.Arrays.MWArray,MathWorks.MATLAB.NET.Arrays.MWArray)">
             <summary>
             Provides the standard 3-input interface to the imageStdDev M-function.
             </summary>
             <remarks>
             M-Documentation:
             Read image
             </remarks>
             <param name="numArgsOut">The number of output arguments to return.</param>
             <param name="imgPath">Input argument #1</param>
             <param name="X">Input argument #2</param>
             <param name="Y">Input argument #3</param>
             <returns>An Array of length "numArgsOut" containing the output
             arguments.</returns>
            
        </member>
        <member name="M:FeatureExtractor.FeatureExtractorclass.imageStdDev(System.Int32,MathWorks.MATLAB.NET.Arrays.MWArray,MathWorks.MATLAB.NET.Arrays.MWArray,MathWorks.MATLAB.NET.Arrays.MWArray,MathWorks.MATLAB.NET.Arrays.MWArray)">
             <summary>
             Provides the standard 4-input interface to the imageStdDev M-function.
             </summary>
             <remarks>
             M-Documentation:
             Read image
             </remarks>
             <param name="numArgsOut">The number of output arguments to return.</param>
             <param name="imgPath">Input argument #1</param>
             <param name="X">Input argument #2</param>
             <param name="Y">Input argument #3</param>
             <param name="Width">Input argument #4</param>
             <returns>An Array of length "numArgsOut" containing the output
             arguments.</returns>
            
        </member>
        <member name="M:FeatureExtractor.FeatureExtractorclass.imageStdDev(System.Int32,MathWorks.MATLAB.NET.Arrays.MWArray,MathWorks.MATLAB.NET.Arrays.MWArray,MathWorks.MATLAB.NET.Arrays.MWArray,MathWorks.MATLAB.NET.Arrays.MWArray,MathWorks.MATLAB.NET.Arrays.MWArray)">
             <summary>
             Provides the standard 5-input interface to the imageStdDev M-function.
             </summary>
             <remarks>
             M-Documentation:
             Read image
             </remarks>
             <param name="numArgsOut">The number of output arguments to return.</param>
             <param name="imgPath">Input argument #1</param>
             <param name="X">Input argument #2</param>
             <param name="Y">Input argument #3</param>
             <param name="Width">Input argument #4</param>
             <param name="Hieght">Input argument #5</param>
             <returns>An Array of length "numArgsOut" containing the output
             arguments.</returns>
            
        </member>
        <member name="M:FeatureExtractor.FeatureExtractorclass.imageStdDev(System.Int32,MathWorks.MATLAB.NET.Arrays.MWArray[]@,MathWorks.MATLAB.NET.Arrays.MWArray[])">
             <summary>
             Provides an interface for the imageStdDev function in which the input and
             output
             arguments are specified as an array of MWArrays.
             </summary>
             <remarks>
             This method will allocate and return by reference the output argument
             array.<newpara></newpara>
             M-Documentation:
             Read image
             </remarks>
             <param name="numArgsOut">The number of output arguments to return</param>
             <param name= "argsOut">Array of MWArray output arguments</param>
             <param name= "argsIn">Array of MWArray input arguments</param>
            
        </member>
        <member name="M:FeatureExtractor.FeatureExtractorclass.CropBrain">
             <summary>
             Provides a single output, 0-input interface to the CropBrain M-function.
             </summary>
             <remarks>
             M-Documentation:
             BI is the image of the brain
             Read image
             </remarks>
             <returns>An MWArray containing the first output argument.</returns>
            
        </member>
        <member name="M:FeatureExtractor.FeatureExtractorclass.CropBrain(MathWorks.MATLAB.NET.Arrays.MWArray)">
             <summary>
             Provides a single output, 1-input interface to the CropBrain M-function.
             </summary>
             <remarks>
             M-Documentation:
             BI is the image of the brain
             Read image
             </remarks>
             <param name="imgPath">Input argument #1</param>
             <returns>An MWArray containing the first output argument.</returns>
            
        </member>
        <member name="M:FeatureExtractor.FeatureExtractorclass.CropBrain(System.Int32)">
             <summary>
             Provides the standard 0-input interface to the CropBrain M-function.
             </summary>
             <remarks>
             M-Documentation:
             BI is the image of the brain
             Read image
             </remarks>
             <param name="numArgsOut">The number of output arguments to return.</param>
             <returns>An Array of length "numArgsOut" containing the output
             arguments.</returns>
            
        </member>
        <member name="M:FeatureExtractor.FeatureExtractorclass.CropBrain(System.Int32,MathWorks.MATLAB.NET.Arrays.MWArray)">
             <summary>
             Provides the standard 1-input interface to the CropBrain M-function.
             </summary>
             <remarks>
             M-Documentation:
             BI is the image of the brain
             Read image
             </remarks>
             <param name="numArgsOut">The number of output arguments to return.</param>
             <param name="imgPath">Input argument #1</param>
             <returns>An Array of length "numArgsOut" containing the output
             arguments.</returns>
            
        </member>
        <member name="M:FeatureExtractor.FeatureExtractorclass.CropBrain(System.Int32,MathWorks.MATLAB.NET.Arrays.MWArray[]@,MathWorks.MATLAB.NET.Arrays.MWArray[])">
             <summary>
             Provides an interface for the CropBrain function in which the input and output
             arguments are specified as an array of MWArrays.
             </summary>
             <remarks>
             This method will allocate and return by reference the output argument
             array.<newpara></newpara>
             M-Documentation:
             BI is the image of the brain
             Read image
             </remarks>
             <param name="numArgsOut">The number of output arguments to return</param>
             <param name= "argsOut">Array of MWArray output arguments</param>
             <param name= "argsIn">Array of MWArray input arguments</param>
            
        </member>
        <member name="M:FeatureExtractor.FeatureExtractorclass.ExtractShapeInfo">
             <summary>
             Provides a single output, 0-input interface to the ExtractShapeInfo M-function.
             </summary>
             <remarks>
             M-Documentation:
             ExtractShapeInfo : computes the shape information
             using central moment for an image img
             </remarks>
             <returns>An MWArray containing the first output argument.</returns>
            
        </member>
        <member name="M:FeatureExtractor.FeatureExtractorclass.ExtractShapeInfo(MathWorks.MATLAB.NET.Arrays.MWArray)">
             <summary>
             Provides a single output, 1-input interface to the ExtractShapeInfo M-function.
             </summary>
             <remarks>
             M-Documentation:
             ExtractShapeInfo : computes the shape information
             using central moment for an image img
             </remarks>
             <param name="imgPath">Input argument #1</param>
             <returns>An MWArray containing the first output argument.</returns>
            
        </member>
        <member name="M:FeatureExtractor.FeatureExtractorclass.ExtractShapeInfo(MathWorks.MATLAB.NET.Arrays.MWArray,MathWorks.MATLAB.NET.Arrays.MWArray)">
             <summary>
             Provides a single output, 2-input interface to the ExtractShapeInfo M-function.
             </summary>
             <remarks>
             M-Documentation:
             ExtractShapeInfo : computes the shape information
             using central moment for an image img
             </remarks>
             <param name="imgPath">Input argument #1</param>
             <param name="X">Input argument #2</param>
             <returns>An MWArray containing the first output argument.</returns>
            
        </member>
        <member name="M:FeatureExtractor.FeatureExtractorclass.ExtractShapeInfo(MathWorks.MATLAB.NET.Arrays.MWArray,MathWorks.MATLAB.NET.Arrays.MWArray,MathWorks.MATLAB.NET.Arrays.MWArray)">
             <summary>
             Provides a single output, 3-input interface to the ExtractShapeInfo M-function.
             </summary>
             <remarks>
             M-Documentation:
             ExtractShapeInfo : computes the shape information
             using central moment for an image img
             </remarks>
             <param name="imgPath">Input argument #1</param>
             <param name="X">Input argument #2</param>
             <param name="Y">Input argument #3</param>
             <returns>An MWArray containing the first output argument.</returns>
            
        </member>
        <member name="M:FeatureExtractor.FeatureExtractorclass.ExtractShapeInfo(MathWorks.MATLAB.NET.Arrays.MWArray,MathWorks.MATLAB.NET.Arrays.MWArray,MathWorks.MATLAB.NET.Arrays.MWArray,MathWorks.MATLAB.NET.Arrays.MWArray)">
             <summary>
             Provides a single output, 4-input interface to the ExtractShapeInfo M-function.
             </summary>
             <remarks>
             M-Documentation:
             ExtractShapeInfo : computes the shape information
             using central moment for an image img
             </remarks>
             <param name="imgPath">Input argument #1</param>
             <param name="X">Input argument #2</param>
             <param name="Y">Input argument #3</param>
             <param name="Width">Input argument #4</param>
             <returns>An MWArray containing the first output argument.</returns>
            
        </member>
        <member name="M:FeatureExtractor.FeatureExtractorclass.ExtractShapeInfo(MathWorks.MATLAB.NET.Arrays.MWArray,MathWorks.MATLAB.NET.Arrays.MWArray,MathWorks.MATLAB.NET.Arrays.MWArray,MathWorks.MATLAB.NET.Arrays.MWArray,MathWorks.MATLAB.NET.Arrays.MWArray)">
             <summary>
             Provides a single output, 5-input interface to the ExtractShapeInfo M-function.
             </summary>
             <remarks>
             M-Documentation:
             ExtractShapeInfo : computes the shape information
             using central moment for an image img
             </remarks>
             <param name="imgPath">Input argument #1</param>
             <param name="X">Input argument #2</param>
             <param name="Y">Input argument #3</param>
             <param name="Width">Input argument #4</param>
             <param name="Hieght">Input argument #5</param>
             <returns>An MWArray containing the first output argument.</returns>
            
        </member>
        <member name="M:FeatureExtractor.FeatureExtractorclass.ExtractShapeInfo(System.Int32)">
             <summary>
             Provides the standard 0-input interface to the ExtractShapeInfo M-function.
             </summary>
             <remarks>
             M-Documentation:
             ExtractShapeInfo : computes the shape information
             using central moment for an image img
             </remarks>
             <param name="numArgsOut">The number of output arguments to return.</param>
             <returns>An Array of length "numArgsOut" containing the output
             arguments.</returns>
            
        </member>
        <member name="M:FeatureExtractor.FeatureExtractorclass.ExtractShapeInfo(System.Int32,MathWorks.MATLAB.NET.Arrays.MWArray)">
             <summary>
             Provides the standard 1-input interface to the ExtractShapeInfo M-function.
             </summary>
             <remarks>
             M-Documentation:
             ExtractShapeInfo : computes the shape information
             using central moment for an image img
             </remarks>
             <param name="numArgsOut">The number of output arguments to return.</param>
             <param name="imgPath">Input argument #1</param>
             <returns>An Array of length "numArgsOut" containing the output
             arguments.</returns>
            
        </member>
        <member name="M:FeatureExtractor.FeatureExtractorclass.ExtractShapeInfo(System.Int32,MathWorks.MATLAB.NET.Arrays.MWArray,MathWorks.MATLAB.NET.Arrays.MWArray)">
             <summary>
             Provides the standard 2-input interface to the ExtractShapeInfo M-function.
             </summary>
             <remarks>
             M-Documentation:
             ExtractShapeInfo : computes the shape information
             using central moment for an image img
             </remarks>
             <param name="numArgsOut">The number of output arguments to return.</param>
             <param name="imgPath">Input argument #1</param>
             <param name="X">Input argument #2</param>
             <returns>An Array of length "numArgsOut" containing the output
             arguments.</returns>
            
        </member>
        <member name="M:FeatureExtractor.FeatureExtractorclass.ExtractShapeInfo(System.Int32,MathWorks.MATLAB.NET.Arrays.MWArray,MathWorks.MATLAB.NET.Arrays.MWArray,MathWorks.MATLAB.NET.Arrays.MWArray)">
             <summary>
             Provides the standard 3-input interface to the ExtractShapeInfo M-function.
             </summary>
             <remarks>
             M-Documentation:
             ExtractShapeInfo : computes the shape information
             using central moment for an image img
             </remarks>
             <param name="numArgsOut">The number of output arguments to return.</param>
             <param name="imgPath">Input argument #1</param>
             <param name="X">Input argument #2</param>
             <param name="Y">Input argument #3</param>
             <returns>An Array of length "numArgsOut" containing the output
             arguments.</returns>
            
        </member>
        <member name="M:FeatureExtractor.FeatureExtractorclass.ExtractShapeInfo(System.Int32,MathWorks.MATLAB.NET.Arrays.MWArray,MathWorks.MATLAB.NET.Arrays.MWArray,MathWorks.MATLAB.NET.Arrays.MWArray,MathWorks.MATLAB.NET.Arrays.MWArray)">
             <summary>
             Provides the standard 4-input interface to the ExtractShapeInfo M-function.
             </summary>
             <remarks>
             M-Documentation:
             ExtractShapeInfo : computes the shape information
             using central moment for an image img
             </remarks>
             <param name="numArgsOut">The number of output arguments to return.</param>
             <param name="imgPath">Input argument #1</param>
             <param name="X">Input argument #2</param>
             <param name="Y">Input argument #3</param>
             <param name="Width">Input argument #4</param>
             <returns>An Array of length "numArgsOut" containing the output
             arguments.</returns>
            
        </member>
        <member name="M:FeatureExtractor.FeatureExtractorclass.ExtractShapeInfo(System.Int32,MathWorks.MATLAB.NET.Arrays.MWArray,MathWorks.MATLAB.NET.Arrays.MWArray,MathWorks.MATLAB.NET.Arrays.MWArray,MathWorks.MATLAB.NET.Arrays.MWArray,MathWorks.MATLAB.NET.Arrays.MWArray)">
             <summary>
             Provides the standard 5-input interface to the ExtractShapeInfo M-function.
             </summary>
             <remarks>
             M-Documentation:
             ExtractShapeInfo : computes the shape information
             using central moment for an image img
             </remarks>
             <param name="numArgsOut">The number of output arguments to return.</param>
             <param name="imgPath">Input argument #1</param>
             <param name="X">Input argument #2</param>
             <param name="Y">Input argument #3</param>
             <param name="Width">Input argument #4</param>
             <param name="Hieght">Input argument #5</param>
             <returns>An Array of length "numArgsOut" containing the output
             arguments.</returns>
            
        </member>
        <member name="M:FeatureExtractor.FeatureExtractorclass.ExtractShapeInfo(System.Int32,MathWorks.MATLAB.NET.Arrays.MWArray[]@,MathWorks.MATLAB.NET.Arrays.MWArray[])">
             <summary>
             Provides an interface for the ExtractShapeInfo function in which the input and
             output
             arguments are specified as an array of MWArrays.
             </summary>
             <remarks>
             This method will allocate and return by reference the output argument
             array.<newpara></newpara>
             M-Documentation:
             ExtractShapeInfo : computes the shape information
             using central moment for an image img
             </remarks>
             <param name="numArgsOut">The number of output arguments to return</param>
             <param name= "argsOut">Array of MWArray output arguments</param>
             <param name= "argsIn">Array of MWArray input arguments</param>
            
        </member>
        <member name="M:FeatureExtractor.FeatureExtractorclass.ExtractTextureInfo">
             <summary>
             Provides a single output, 0-input interface to the ExtractTextureInfo
             M-function.
             </summary>
             <remarks>
             M-Documentation:
             Read image
             </remarks>
             <returns>An MWArray containing the first output argument.</returns>
            
        </member>
        <member name="M:FeatureExtractor.FeatureExtractorclass.ExtractTextureInfo(MathWorks.MATLAB.NET.Arrays.MWArray)">
             <summary>
             Provides a single output, 1-input interface to the ExtractTextureInfo
             M-function.
             </summary>
             <remarks>
             M-Documentation:
             Read image
             </remarks>
             <param name="imgPath">Input argument #1</param>
             <returns>An MWArray containing the first output argument.</returns>
            
        </member>
        <member name="M:FeatureExtractor.FeatureExtractorclass.ExtractTextureInfo(MathWorks.MATLAB.NET.Arrays.MWArray,MathWorks.MATLAB.NET.Arrays.MWArray)">
             <summary>
             Provides a single output, 2-input interface to the ExtractTextureInfo
             M-function.
             </summary>
             <remarks>
             M-Documentation:
             Read image
             </remarks>
             <param name="imgPath">Input argument #1</param>
             <param name="X">Input argument #2</param>
             <returns>An MWArray containing the first output argument.</returns>
            
        </member>
        <member name="M:FeatureExtractor.FeatureExtractorclass.ExtractTextureInfo(MathWorks.MATLAB.NET.Arrays.MWArray,MathWorks.MATLAB.NET.Arrays.MWArray,MathWorks.MATLAB.NET.Arrays.MWArray)">
             <summary>
             Provides a single output, 3-input interface to the ExtractTextureInfo
             M-function.
             </summary>
             <remarks>
             M-Documentation:
             Read image
             </remarks>
             <param name="imgPath">Input argument #1</param>
             <param name="X">Input argument #2</param>
             <param name="Y">Input argument #3</param>
             <returns>An MWArray containing the first output argument.</returns>
            
        </member>
        <member name="M:FeatureExtractor.FeatureExtractorclass.ExtractTextureInfo(MathWorks.MATLAB.NET.Arrays.MWArray,MathWorks.MATLAB.NET.Arrays.MWArray,MathWorks.MATLAB.NET.Arrays.MWArray,MathWorks.MATLAB.NET.Arrays.MWArray)">
             <summary>
             Provides a single output, 4-input interface to the ExtractTextureInfo
             M-function.
             </summary>
             <remarks>
             M-Documentation:
             Read image
             </remarks>
             <param name="imgPath">Input argument #1</param>
             <param name="X">Input argument #2</param>
             <param name="Y">Input argument #3</param>
             <param name="Width">Input argument #4</param>
             <returns>An MWArray containing the first output argument.</returns>
            
        </member>
        <member name="M:FeatureExtractor.FeatureExtractorclass.ExtractTextureInfo(MathWorks.MATLAB.NET.Arrays.MWArray,MathWorks.MATLAB.NET.Arrays.MWArray,MathWorks.MATLAB.NET.Arrays.MWArray,MathWorks.MATLAB.NET.Arrays.MWArray,MathWorks.MATLAB.NET.Arrays.MWArray)">
             <summary>
             Provides a single output, 5-input interface to the ExtractTextureInfo
             M-function.
             </summary>
             <remarks>
             M-Documentation:
             Read image
             </remarks>
             <param name="imgPath">Input argument #1</param>
             <param name="X">Input argument #2</param>
             <param name="Y">Input argument #3</param>
             <param name="Width">Input argument #4</param>
             <param name="Hieght">Input argument #5</param>
             <returns>An MWArray containing the first output argument.</returns>
            
        </member>
        <member name="M:FeatureExtractor.FeatureExtractorclass.ExtractTextureInfo(System.Int32)">
             <summary>
             Provides the standard 0-input interface to the ExtractTextureInfo M-function.
             </summary>
             <remarks>
             M-Documentation:
             Read image
             </remarks>
             <param name="numArgsOut">The number of output arguments to return.</param>
             <returns>An Array of length "numArgsOut" containing the output
             arguments.</returns>
            
        </member>
        <member name="M:FeatureExtractor.FeatureExtractorclass.ExtractTextureInfo(System.Int32,MathWorks.MATLAB.NET.Arrays.MWArray)">
             <summary>
             Provides the standard 1-input interface to the ExtractTextureInfo M-function.
             </summary>
             <remarks>
             M-Documentation:
             Read image
             </remarks>
             <param name="numArgsOut">The number of output arguments to return.</param>
             <param name="imgPath">Input argument #1</param>
             <returns>An Array of length "numArgsOut" containing the output
             arguments.</returns>
            
        </member>
        <member name="M:FeatureExtractor.FeatureExtractorclass.ExtractTextureInfo(System.Int32,MathWorks.MATLAB.NET.Arrays.MWArray,MathWorks.MATLAB.NET.Arrays.MWArray)">
             <summary>
             Provides the standard 2-input interface to the ExtractTextureInfo M-function.
             </summary>
             <remarks>
             M-Documentation:
             Read image
             </remarks>
             <param name="numArgsOut">The number of output arguments to return.</param>
             <param name="imgPath">Input argument #1</param>
             <param name="X">Input argument #2</param>
             <returns>An Array of length "numArgsOut" containing the output
             arguments.</returns>
            
        </member>
        <member name="M:FeatureExtractor.FeatureExtractorclass.ExtractTextureInfo(System.Int32,MathWorks.MATLAB.NET.Arrays.MWArray,MathWorks.MATLAB.NET.Arrays.MWArray,MathWorks.MATLAB.NET.Arrays.MWArray)">
             <summary>
             Provides the standard 3-input interface to the ExtractTextureInfo M-function.
             </summary>
             <remarks>
             M-Documentation:
             Read image
             </remarks>
             <param name="numArgsOut">The number of output arguments to return.</param>
             <param name="imgPath">Input argument #1</param>
             <param name="X">Input argument #2</param>
             <param name="Y">Input argument #3</param>
             <returns>An Array of length "numArgsOut" containing the output
             arguments.</returns>
            
        </member>
        <member name="M:FeatureExtractor.FeatureExtractorclass.ExtractTextureInfo(System.Int32,MathWorks.MATLAB.NET.Arrays.MWArray,MathWorks.MATLAB.NET.Arrays.MWArray,MathWorks.MATLAB.NET.Arrays.MWArray,MathWorks.MATLAB.NET.Arrays.MWArray)">
             <summary>
             Provides the standard 4-input interface to the ExtractTextureInfo M-function.
             </summary>
             <remarks>
             M-Documentation:
             Read image
             </remarks>
             <param name="numArgsOut">The number of output arguments to return.</param>
             <param name="imgPath">Input argument #1</param>
             <param name="X">Input argument #2</param>
             <param name="Y">Input argument #3</param>
             <param name="Width">Input argument #4</param>
             <returns>An Array of length "numArgsOut" containing the output
             arguments.</returns>
            
        </member>
        <member name="M:FeatureExtractor.FeatureExtractorclass.ExtractTextureInfo(System.Int32,MathWorks.MATLAB.NET.Arrays.MWArray,MathWorks.MATLAB.NET.Arrays.MWArray,MathWorks.MATLAB.NET.Arrays.MWArray,MathWorks.MATLAB.NET.Arrays.MWArray,MathWorks.MATLAB.NET.Arrays.MWArray)">
             <summary>
             Provides the standard 5-input interface to the ExtractTextureInfo M-function.
             </summary>
             <remarks>
             M-Documentation:
             Read image
             </remarks>
             <param name="numArgsOut">The number of output arguments to return.</param>
             <param name="imgPath">Input argument #1</param>
             <param name="X">Input argument #2</param>
             <param name="Y">Input argument #3</param>
             <param name="Width">Input argument #4</param>
             <param name="Hieght">Input argument #5</param>
             <returns>An Array of length "numArgsOut" containing the output
             arguments.</returns>
            
        </member>
        <member name="M:FeatureExtractor.FeatureExtractorclass.ExtractTextureInfo(System.Int32,MathWorks.MATLAB.NET.Arrays.MWArray[]@,MathWorks.MATLAB.NET.Arrays.MWArray[])">
             <summary>
             Provides an interface for the ExtractTextureInfo function in which the input
             and output
             arguments are specified as an array of MWArrays.
             </summary>
             <remarks>
             This method will allocate and return by reference the output argument
             array.<newpara></newpara>
             M-Documentation:
             Read image
             </remarks>
             <param name="numArgsOut">The number of output arguments to return</param>
             <param name= "argsOut">Array of MWArray output arguments</param>
             <param name= "argsIn">Array of MWArray input arguments</param>
            
        </member>
        <member name="M:FeatureExtractor.FeatureExtractorclass.minkowski">
             <summary>
             Provides a single output, 0-input interface to the minkowski M-function.
             </summary>
             <remarks>
             </remarks>
             <returns>An MWArray containing the first output argument.</returns>
            
        </member>
        <member name="M:FeatureExtractor.FeatureExtractorclass.minkowski(MathWorks.MATLAB.NET.Arrays.MWArray)">
             <summary>
             Provides a single output, 1-input interface to the minkowski M-function.
             </summary>
             <remarks>
             </remarks>
             <param name="A">Input argument #1</param>
             <returns>An MWArray containing the first output argument.</returns>
            
        </member>
        <member name="M:FeatureExtractor.FeatureExtractorclass.minkowski(MathWorks.MATLAB.NET.Arrays.MWArray,MathWorks.MATLAB.NET.Arrays.MWArray)">
             <summary>
             Provides a single output, 2-input interface to the minkowski M-function.
             </summary>
             <remarks>
             </remarks>
             <param name="A">Input argument #1</param>
             <param name="B">Input argument #2</param>
             <returns>An MWArray containing the first output argument.</returns>
            
        </member>
        <member name="M:FeatureExtractor.FeatureExtractorclass.minkowski(MathWorks.MATLAB.NET.Arrays.MWArray,MathWorks.MATLAB.NET.Arrays.MWArray,MathWorks.MATLAB.NET.Arrays.MWArray)">
             <summary>
             Provides a single output, 3-input interface to the minkowski M-function.
             </summary>
             <remarks>
             </remarks>
             <param name="A">Input argument #1</param>
             <param name="B">Input argument #2</param>
             <param name="o">Input argument #3</param>
             <returns>An MWArray containing the first output argument.</returns>
            
        </member>
        <member name="M:FeatureExtractor.FeatureExtractorclass.minkowski(System.Int32)">
             <summary>
             Provides the standard 0-input interface to the minkowski M-function.
             </summary>
             <remarks>
             </remarks>
             <param name="numArgsOut">The number of output arguments to return.</param>
             <returns>An Array of length "numArgsOut" containing the output
             arguments.</returns>
            
        </member>
        <member name="M:FeatureExtractor.FeatureExtractorclass.minkowski(System.Int32,MathWorks.MATLAB.NET.Arrays.MWArray)">
             <summary>
             Provides the standard 1-input interface to the minkowski M-function.
             </summary>
             <remarks>
             </remarks>
             <param name="numArgsOut">The number of output arguments to return.</param>
             <param name="A">Input argument #1</param>
             <returns>An Array of length "numArgsOut" containing the output
             arguments.</returns>
            
        </member>
        <member name="M:FeatureExtractor.FeatureExtractorclass.minkowski(System.Int32,MathWorks.MATLAB.NET.Arrays.MWArray,MathWorks.MATLAB.NET.Arrays.MWArray)">
             <summary>
             Provides the standard 2-input interface to the minkowski M-function.
             </summary>
             <remarks>
             </remarks>
             <param name="numArgsOut">The number of output arguments to return.</param>
             <param name="A">Input argument #1</param>
             <param name="B">Input argument #2</param>
             <returns>An Array of length "numArgsOut" containing the output
             arguments.</returns>
            
        </member>
        <member name="M:FeatureExtractor.FeatureExtractorclass.minkowski(System.Int32,MathWorks.MATLAB.NET.Arrays.MWArray,MathWorks.MATLAB.NET.Arrays.MWArray,MathWorks.MATLAB.NET.Arrays.MWArray)">
             <summary>
             Provides the standard 3-input interface to the minkowski M-function.
             </summary>
             <remarks>
             </remarks>
             <param name="numArgsOut">The number of output arguments to return.</param>
             <param name="A">Input argument #1</param>
             <param name="B">Input argument #2</param>
             <param name="o">Input argument #3</param>
             <returns>An Array of length "numArgsOut" containing the output
             arguments.</returns>
            
        </member>
        <member name="M:FeatureExtractor.FeatureExtractorclass.minkowski(System.Int32,MathWorks.MATLAB.NET.Arrays.MWArray[]@,MathWorks.MATLAB.NET.Arrays.MWArray[])">
             <summary>
             Provides an interface for the minkowski function in which the input and output
             arguments are specified as an array of MWArrays.
             </summary>
             <remarks>
             This method will allocate and return by reference the output argument
             array.<newpara></newpara>
             </remarks>
             <param name="numArgsOut">The number of output arguments to return</param>
             <param name= "argsOut">Array of MWArray output arguments</param>
             <param name= "argsIn">Array of MWArray input arguments</param>
            
        </member>
        <member name="M:FeatureExtractor.FeatureExtractorclass.getImageInfo">
             <summary>
             Provides a single output, 0-input interface to the getImageInfo M-function.
             </summary>
             <remarks>
             </remarks>
             <returns>An MWArray containing the first output argument.</returns>
            
        </member>
        <member name="M:FeatureExtractor.FeatureExtractorclass.getImageInfo(MathWorks.MATLAB.NET.Arrays.MWArray)">
             <summary>
             Provides a single output, 1-input interface to the getImageInfo M-function.
             </summary>
             <remarks>
             </remarks>
             <param name="imgPath">Input argument #1</param>
             <returns>An MWArray containing the first output argument.</returns>
            
        </member>
        <member name="M:FeatureExtractor.FeatureExtractorclass.getImageInfo(System.Int32)">
             <summary>
             Provides the standard 0-input interface to the getImageInfo M-function.
             </summary>
             <remarks>
             </remarks>
             <param name="numArgsOut">The number of output arguments to return.</param>
             <returns>An Array of length "numArgsOut" containing the output
             arguments.</returns>
            
        </member>
        <member name="M:FeatureExtractor.FeatureExtractorclass.getImageInfo(System.Int32,MathWorks.MATLAB.NET.Arrays.MWArray)">
             <summary>
             Provides the standard 1-input interface to the getImageInfo M-function.
             </summary>
             <remarks>
             </remarks>
             <param name="numArgsOut">The number of output arguments to return.</param>
             <param name="imgPath">Input argument #1</param>
             <returns>An Array of length "numArgsOut" containing the output
             arguments.</returns>
            
        </member>
        <member name="M:FeatureExtractor.FeatureExtractorclass.getImageInfo(System.Int32,MathWorks.MATLAB.NET.Arrays.MWArray[]@,MathWorks.MATLAB.NET.Arrays.MWArray[])">
             <summary>
             Provides an interface for the getImageInfo function in which the input and
             output
             arguments are specified as an array of MWArrays.
             </summary>
             <remarks>
             This method will allocate and return by reference the output argument
             array.<newpara></newpara>
             </remarks>
             <param name="numArgsOut">The number of output arguments to return</param>
             <param name= "argsOut">Array of MWArray output arguments</param>
             <param name= "argsIn">Array of MWArray input arguments</param>
            
        </member>
        <member name="T:FeatureExtractor.MCRComponentState">
            <summary>
            The MCR Component State
            </summary>
        </member>
        <member name="F:FeatureExtractor.MCRComponentState.MCC_FeatureExtractor_name_data">
            <summary>
            The .NET Builder component name
            </summary>
        </member>
        <member name="F:FeatureExtractor.MCRComponentState.MCC_FeatureExtractor_root_data">
            <summary>
            The component root data
            </summary>
        </member>
        <member name="F:FeatureExtractor.MCRComponentState.MCC_FeatureExtractor_public_data">
            <summary>
            The public encryption key for the .NET Builder component
            </summary>
        </member>
        <member name="F:FeatureExtractor.MCRComponentState.MCC_FeatureExtractor_session_data">
            <summary>
            The session encryption key for the .NET Builder component
            </summary>
        </member>
        <member name="F:FeatureExtractor.MCRComponentState.MCC_FeatureExtractor_matlabpath_data">
            <summary>
            The MATLAB path for the .NET Builder component
            </summary>
        </member>
        <member name="F:FeatureExtractor.MCRComponentState.MCC_FeatureExtractor_matlabpath_data_count">
            <summary>
            The MATLAB path count
            </summary>
        </member>
        <member name="F:FeatureExtractor.MCRComponentState.MCC_FeatureExtractor_classpath_data">
            <summary>
            The class path for the .NET Builder component
            </summary>
        </member>
        <member name="F:FeatureExtractor.MCRComponentState.MCC_FeatureExtractor_classpath_data_count">
            <summary>
            The class path count
            </summary>
        </member>
        <member name="F:FeatureExtractor.MCRComponentState.MCC_FeatureExtractor_libpath_data">
            <summary>
            The lib path for the .NET Builder component
            </summary>
        </member>
        <member name="F:FeatureExtractor.MCRComponentState.MCC_FeatureExtractor_libpath_data_count">
            <summary>
            The lib path count
            </summary>
        </member>
        <member name="F:FeatureExtractor.MCRComponentState.MCC_FeatureExtractor_mcr_application_options">
            <summary>
            The MCR application options
            </summary>
        </member>
        <member name="F:FeatureExtractor.MCRComponentState.MCC_FeatureExtractor_mcr_application_option_count">
            <summary>
            The MCR application options count
            </summary>
        </member>
        <member name="F:FeatureExtractor.MCRComponentState.MCC_FeatureExtractor_mcr_runtime_options">
            <summary>
            The MCR runtime options
            </summary>
        </member>
        <member name="F:FeatureExtractor.MCRComponentState.MCC_FeatureExtractor_mcr_runtime_option_count">
            <summary>
            The MCR runtime options count
            </summary>
        </member>
        <member name="F:FeatureExtractor.MCRComponentState.MCC_FeatureExtractor_mcr_pref_dir">
            <summary>
            The component preferences directory
            </summary>
        </member>
        <member name="F:FeatureExtractor.MCRComponentState.MCC_FeatureExtractor_set_warning_state">
            <summary>
            Runtime warning states
            </summary>
        </member>
        <member name="F:FeatureExtractor.MCRComponentState.MCC_FeatureExtractor_set_warning_state_count">
            <summary>
            Runtime warning state count
            </summary>
        </member>
    </members>
</doc>
