<?xml version="1.0"?>
<doc>
    <assembly>
        <name>ImageManipulation</name>
    </assembly>
    <members>
        <member name="T:ImageManipulation.ImageManipulationclass">
            <summary>
            The ImageManipulationclass class provides a CLS compliant interface to the
            M-functions contained in the files:
            <newpara></newpara>
            C:\Documents and Settings\Ahmad Hajjar\My
            Documents\MATLAB\Project_22.01.2009\Manipulation\contrast.m
            <newpara></newpara>
            C:\Documents and Settings\Ahmad Hajjar\My
            Documents\MATLAB\Project_22.01.2009\Manipulation\BrightenImage.m
            <newpara></newpara>
            matlabrc.m
            <newpara></newpara>
            dirname.m
            <newpara></newpara>
            deployprint.m
            <newpara></newpara>
            printdlg.m
            </summary>
            <remarks>
            @Version 0.0
            </remarks>
        </member>
        <member name="M:ImageManipulation.ImageManipulationclass.#cctor">
            <summary internal= "true">
            The static constructor instantiates and initializes the MATLAB Common Runtime
            instance.
            </summary>
        </member>
        <member name="M:ImageManipulation.ImageManipulationclass.#ctor">
            <summary>
            Constructs a new instance of the ImageManipulationclass class.
            </summary>
        </member>
        <member name="M:ImageManipulation.ImageManipulationclass.Finalize">
            <summary internal= "true">
            Class destructor called by the CLR garbage collector.
            </summary>
        </member>
        <member name="M:ImageManipulation.ImageManipulationclass.Dispose">
            <summary>
            Frees the native resources associated with this object
            </summary>
        </member>
        <member name="M:ImageManipulation.ImageManipulationclass.Dispose(System.Boolean)">
            <summary internal= "true">
            Internal dispose function
            </summary>
        </member>
        <member name="M:ImageManipulation.ImageManipulationclass.contrast">
             <summary>
             Provides a single output, 0-input interface to the contrast M-function.
             </summary>
             <remarks>
             M-Documentation:
             Read image itself :
             </remarks>
             <returns>An MWArray containing the first output argument.</returns>
            
        </member>
        <member name="M:ImageManipulation.ImageManipulationclass.contrast(MathWorks.MATLAB.NET.Arrays.MWArray)">
             <summary>
             Provides a single output, 1-input interface to the contrast M-function.
             </summary>
             <remarks>
             M-Documentation:
             Read image itself :
             </remarks>
             <param name="imgPath">Input argument #1</param>
             <returns>An MWArray containing the first output argument.</returns>
            
        </member>
        <member name="M:ImageManipulation.ImageManipulationclass.contrast(MathWorks.MATLAB.NET.Arrays.MWArray,MathWorks.MATLAB.NET.Arrays.MWArray)">
             <summary>
             Provides a single output, 2-input interface to the contrast M-function.
             </summary>
             <remarks>
             M-Documentation:
             Read image itself :
             </remarks>
             <param name="imgPath">Input argument #1</param>
             <param name="c">Input argument #2</param>
             <returns>An MWArray containing the first output argument.</returns>
            
        </member>
        <member name="M:ImageManipulation.ImageManipulationclass.contrast(System.Int32)">
             <summary>
             Provides the standard 0-input interface to the contrast M-function.
             </summary>
             <remarks>
             M-Documentation:
             Read image itself :
             </remarks>
             <param name="numArgsOut">The number of output arguments to return.</param>
             <returns>An Array of length "numArgsOut" containing the output
             arguments.</returns>
            
        </member>
        <member name="M:ImageManipulation.ImageManipulationclass.contrast(System.Int32,MathWorks.MATLAB.NET.Arrays.MWArray)">
             <summary>
             Provides the standard 1-input interface to the contrast M-function.
             </summary>
             <remarks>
             M-Documentation:
             Read image itself :
             </remarks>
             <param name="numArgsOut">The number of output arguments to return.</param>
             <param name="imgPath">Input argument #1</param>
             <returns>An Array of length "numArgsOut" containing the output
             arguments.</returns>
            
        </member>
        <member name="M:ImageManipulation.ImageManipulationclass.contrast(System.Int32,MathWorks.MATLAB.NET.Arrays.MWArray,MathWorks.MATLAB.NET.Arrays.MWArray)">
             <summary>
             Provides the standard 2-input interface to the contrast M-function.
             </summary>
             <remarks>
             M-Documentation:
             Read image itself :
             </remarks>
             <param name="numArgsOut">The number of output arguments to return.</param>
             <param name="imgPath">Input argument #1</param>
             <param name="c">Input argument #2</param>
             <returns>An Array of length "numArgsOut" containing the output
             arguments.</returns>
            
        </member>
        <member name="M:ImageManipulation.ImageManipulationclass.contrast(System.Int32,MathWorks.MATLAB.NET.Arrays.MWArray[]@,MathWorks.MATLAB.NET.Arrays.MWArray[])">
             <summary>
             Provides an interface for the contrast function in which the input and output
             arguments are specified as an array of MWArrays.
             </summary>
             <remarks>
             This method will allocate and return by reference the output argument
             array.<newpara></newpara>
             M-Documentation:
             Read image itself :
             </remarks>
             <param name="numArgsOut">The number of output arguments to return</param>
             <param name= "argsOut">Array of MWArray output arguments</param>
             <param name= "argsIn">Array of MWArray input arguments</param>
            
        </member>
        <member name="M:ImageManipulation.ImageManipulationclass.BrightenImage">
             <summary>
             Provides a single output, 0-input interface to the BrightenImage M-function.
             </summary>
             <remarks>
             M-Documentation:
             Read image itself :
             </remarks>
             <returns>An MWArray containing the first output argument.</returns>
            
        </member>
        <member name="M:ImageManipulation.ImageManipulationclass.BrightenImage(MathWorks.MATLAB.NET.Arrays.MWArray)">
             <summary>
             Provides a single output, 1-input interface to the BrightenImage M-function.
             </summary>
             <remarks>
             M-Documentation:
             Read image itself :
             </remarks>
             <param name="imgPath">Input argument #1</param>
             <returns>An MWArray containing the first output argument.</returns>
            
        </member>
        <member name="M:ImageManipulation.ImageManipulationclass.BrightenImage(MathWorks.MATLAB.NET.Arrays.MWArray,MathWorks.MATLAB.NET.Arrays.MWArray)">
             <summary>
             Provides a single output, 2-input interface to the BrightenImage M-function.
             </summary>
             <remarks>
             M-Documentation:
             Read image itself :
             </remarks>
             <param name="imgPath">Input argument #1</param>
             <param name="Beta">Input argument #2</param>
             <returns>An MWArray containing the first output argument.</returns>
            
        </member>
        <member name="M:ImageManipulation.ImageManipulationclass.BrightenImage(System.Int32)">
             <summary>
             Provides the standard 0-input interface to the BrightenImage M-function.
             </summary>
             <remarks>
             M-Documentation:
             Read image itself :
             </remarks>
             <param name="numArgsOut">The number of output arguments to return.</param>
             <returns>An Array of length "numArgsOut" containing the output
             arguments.</returns>
            
        </member>
        <member name="M:ImageManipulation.ImageManipulationclass.BrightenImage(System.Int32,MathWorks.MATLAB.NET.Arrays.MWArray)">
             <summary>
             Provides the standard 1-input interface to the BrightenImage M-function.
             </summary>
             <remarks>
             M-Documentation:
             Read image itself :
             </remarks>
             <param name="numArgsOut">The number of output arguments to return.</param>
             <param name="imgPath">Input argument #1</param>
             <returns>An Array of length "numArgsOut" containing the output
             arguments.</returns>
            
        </member>
        <member name="M:ImageManipulation.ImageManipulationclass.BrightenImage(System.Int32,MathWorks.MATLAB.NET.Arrays.MWArray,MathWorks.MATLAB.NET.Arrays.MWArray)">
             <summary>
             Provides the standard 2-input interface to the BrightenImage M-function.
             </summary>
             <remarks>
             M-Documentation:
             Read image itself :
             </remarks>
             <param name="numArgsOut">The number of output arguments to return.</param>
             <param name="imgPath">Input argument #1</param>
             <param name="Beta">Input argument #2</param>
             <returns>An Array of length "numArgsOut" containing the output
             arguments.</returns>
            
        </member>
        <member name="M:ImageManipulation.ImageManipulationclass.BrightenImage(System.Int32,MathWorks.MATLAB.NET.Arrays.MWArray[]@,MathWorks.MATLAB.NET.Arrays.MWArray[])">
             <summary>
             Provides an interface for the BrightenImage function in which the input and
             output
             arguments are specified as an array of MWArrays.
             </summary>
             <remarks>
             This method will allocate and return by reference the output argument
             array.<newpara></newpara>
             M-Documentation:
             Read image itself :
             </remarks>
             <param name="numArgsOut">The number of output arguments to return</param>
             <param name= "argsOut">Array of MWArray output arguments</param>
             <param name= "argsIn">Array of MWArray input arguments</param>
            
        </member>
        <member name="T:ImageManipulation.MCRComponentState">
            <summary>
            The MCR Component State
            </summary>
        </member>
        <member name="F:ImageManipulation.MCRComponentState.MCC_ImageManipulation_name_data">
            <summary>
            The .NET Builder component name
            </summary>
        </member>
        <member name="F:ImageManipulation.MCRComponentState.MCC_ImageManipulation_root_data">
            <summary>
            The component root data
            </summary>
        </member>
        <member name="F:ImageManipulation.MCRComponentState.MCC_ImageManipulation_public_data">
            <summary>
            The public encryption key for the .NET Builder component
            </summary>
        </member>
        <member name="F:ImageManipulation.MCRComponentState.MCC_ImageManipulation_session_data">
            <summary>
            The session encryption key for the .NET Builder component
            </summary>
        </member>
        <member name="F:ImageManipulation.MCRComponentState.MCC_ImageManipulation_matlabpath_data">
            <summary>
            The MATLAB path for the .NET Builder component
            </summary>
        </member>
        <member name="F:ImageManipulation.MCRComponentState.MCC_ImageManipulation_matlabpath_data_count">
            <summary>
            The MATLAB path count
            </summary>
        </member>
        <member name="F:ImageManipulation.MCRComponentState.MCC_ImageManipulation_classpath_data">
            <summary>
            The class path for the .NET Builder component
            </summary>
        </member>
        <member name="F:ImageManipulation.MCRComponentState.MCC_ImageManipulation_classpath_data_count">
            <summary>
            The class path count
            </summary>
        </member>
        <member name="F:ImageManipulation.MCRComponentState.MCC_ImageManipulation_libpath_data">
            <summary>
            The lib path for the .NET Builder component
            </summary>
        </member>
        <member name="F:ImageManipulation.MCRComponentState.MCC_ImageManipulation_libpath_data_count">
            <summary>
            The lib path count
            </summary>
        </member>
        <member name="F:ImageManipulation.MCRComponentState.MCC_ImageManipulation_mcr_application_options">
            <summary>
            The MCR application options
            </summary>
        </member>
        <member name="F:ImageManipulation.MCRComponentState.MCC_ImageManipulation_mcr_application_option_count">
            <summary>
            The MCR application options count
            </summary>
        </member>
        <member name="F:ImageManipulation.MCRComponentState.MCC_ImageManipulation_mcr_runtime_options">
            <summary>
            The MCR runtime options
            </summary>
        </member>
        <member name="F:ImageManipulation.MCRComponentState.MCC_ImageManipulation_mcr_runtime_option_count">
            <summary>
            The MCR runtime options count
            </summary>
        </member>
        <member name="F:ImageManipulation.MCRComponentState.MCC_ImageManipulation_mcr_pref_dir">
            <summary>
            The component preferences directory
            </summary>
        </member>
        <member name="F:ImageManipulation.MCRComponentState.MCC_ImageManipulation_set_warning_state">
            <summary>
            Runtime warning states
            </summary>
        </member>
        <member name="F:ImageManipulation.MCRComponentState.MCC_ImageManipulation_set_warning_state_count">
            <summary>
            Runtime warning state count
            </summary>
        </member>
    </members>
</doc>
